tree1,tree2,bipartitions,bipartitions1 posterior>90.0,bipartitions2 posterior>90.0,coinciding bipartitions no threshold,coinciding bipartitions,RF times/bipartitions no threshold,RF times/bipartitions,coinciding bipartitions no threshold (no nested clades),coinciding bipartitions (no nested),RF times/bipartitions no threshold (no nested),RF times/bipartitions (no nested),coinciding subtrees no threshold,RF times/subtrees no threshold,coinciding subtrees,RF times/subtrees,coinciding subtrees (thr while encoding),RF times/subtrees(thr while encoding)
serotype_1_67-829_strict_skyline_100_combined,serotype_1_67-829.fas,31,18,11,22,10,6.6879,4.0765,1,4,93.9138,10.0436,8,2.2337,7,1.4927,7,3.4312
serotype_1_67-829_strict_skyline_100_combined,serotype_1_841-1313.fas,31,18,8,18,7,8.0219,5.4838,1,4,93.9138,6.6879,7,3.4312,7,3.4312,4,6.6879
serotype_1_67-829_strict_skyline_100_combined,serotype_1_1325-1601.fas,31,18,5,14,3,4.6174,26.4122,1,2,93.9138,35.244,6,2.4619,6,2.4619,1,1.3818
serotype_1_67-829_strict_skyline_100_combined,serotype_1_1613-2349.fas,31,18,10,13,7,4.7217,3.4312,1,4,93.9138,3.0028,5,3.4312,5,3.4312,4,2.4619
serotype_1_67-829_strict_skyline_100_combined,serotype_1_2361-5147.fas,31,18,17,17,13,4.845,4.7217,1,2,93.9138,40.6507,7,1.3818,6,3.0518,6,5.1028
serotype_1_67-829_strict_skyline_100_combined,serotype_1_5281-5857.fas,31,18,10,18,7,6.6879,7.8921,1,2,93.9138,40.6507,9,1.3818,7,3.4312,4,5.6616
serotype_1_67-829_strict_skyline_100_combined,serotype_1_5869-7192.fas,31,18,13,21,12,5.4838,6.6879,1,2,93.9138,40.6507,8,2.2337,7,1.4927,5,1.3818
serotype_1_841-1313_log_expop_400_combined,serotype_1_67-829.fas,31,14,11,19,8,4.6111,2.2879,1,6,55.5895,2.2879,8,3.0088,6,2.2879,6,2.2879
serotype_1_841-1313_log_expop_400_combined,serotype_1_841-1313.fas,31,14,8,21,7,5.1333,3.1626,1,4,55.5895,3.7709,5,1.0946,7,1.4133,4,3.7709
serotype_1_841-1313_log_expop_400_combined,serotype_1_1325-1601.fas,31,14,5,13,2,4.6111,6.0471,1,2,55.5895,6.0471,5,3.1626,4,2.2879,1,1.0811
serotype_1_841-1313_log_expop_400_combined,serotype_1_1613-2349.fas,31,14,10,13,4,3.4104,0.7291,1,3,55.5895,1.0946,6,2.2879,5,1.4133,3,1.0946
serotype_1_841-1313_log_expop_400_combined,serotype_1_2361-5147.fas,31,14,17,14,10,3.8948,2.2879,1,4,55.5895,5.0089,6,2.2879,5,1.4133,5,3.1626
serotype_1_841-1313_log_expop_400_combined,serotype_1_5281-5857.fas,31,14,10,15,5,4.6854,3.1626,1,4,55.5895,3.2865,7,3.1626,6,2.2879,4,3.2865
serotype_1_841-1313_log_expop_400_combined,serotype_1_5869-7192.fas,31,14,13,19,9,4.6111,3.4104,1,5,55.5895,6.8553,8,3.0088,6,2.2879,4,1.2472
serotype_1_1325-1601_exp_skyline_400_combined,serotype_1_67-829.fas,31,14,11,16,6,4.2956,1.9371,1,3,57.9495,3.7032,7,1.0002,5,1.0002,4,0.7783
serotype_1_1325-1601_exp_skyline_400_combined,serotype_1_841-1313.fas,31,14,8,15,3,5.3283,1.0002,1,3,57.9495,1.0002,5,3.7032,4,2.1299,3,1.0002
serotype_1_1325-1601_exp_skyline_400_combined,serotype_1_1325-1601.fas,31,14,5,20,5,5.4925,8.2204,1,4,57.9495,11.9688,7,1.3819,7,1.3819,2,8.0995
serotype_1_1325-1601_exp_skyline_400_combined,serotype_1_1613-2349.fas,31,14,10,15,5,6.097,8.2204,1,4,57.9495,11.9688,5,2.8739,3,2.8739,1,1.0002
serotype_1_1325-1601_exp_skyline_400_combined,serotype_1_2361-5147.fas,31,14,17,14,11,6.1561,6.2153,1,4,57.9495,11.9688,5,2.8739,4,1.7152,4,0.7783
serotype_1_1325-1601_exp_skyline_400_combined,serotype_1_5281-5857.fas,31,14,10,12,5,5.7126,3.7032,1,3,57.9495,3.7032,5,2.8739,4,1.7152,2,2.1299
serotype_1_1325-1601_exp_skyline_400_combined,serotype_1_5869-7192.fas,31,14,13,15,8,3.7032,4.9593,1,3,57.9495,8.1719,7,1.0002,5,1.0002,4,1.7152
serotype_1_2361-5147_strict_skyline_100_combined,serotype_1_67-829.fas,31,24,11,16,8,5.856,2.4329,1,4,88.6026,6.3422,6,2.4329,6,2.4329,5,3.5681
serotype_1_2361-5147_strict_skyline_100_combined,serotype_1_841-1313.fas,31,24,8,15,5,5.4492,1.2177,1,3,88.6026,5.4492,6,2.4329,6,2.4329,3,0.7404
serotype_1_2361-5147_strict_skyline_100_combined,serotype_1_1325-1601.fas,31,24,5,14,5,6.3422,15.3815,1,4,88.6026,16.7277,5,3.5681,5,3.5681,1,0.7404
serotype_1_2361-5147_strict_skyline_100_combined,serotype_1_1613-2349.fas,31,24,10,15,9,5.4492,4.2956,1,4,88.6026,14.3778,5,3.5681,5,3.5681,3,3.5681
serotype_1_2361-5147_strict_skyline_100_combined,serotype_1_2361-5147.fas,31,24,17,26,17,6.3422,6.4217,1,3,88.6026,33.0293,9,2.9582,8,2.128,6,2.4329
serotype_1_2361-5147_strict_skyline_100_combined,serotype_1_5281-5857.fas,31,24,10,15,6,6.2627,4.9154,1,3,88.6026,6.2627,7,1.2978,7,1.2978,3,3.5681
serotype_1_2361-5147_strict_skyline_100_combined,serotype_1_5869-7192.fas,31,24,13,17,11,6.2627,6.2627,1,4,88.6026,12.2478,6,3.7802,6,3.7802,5,1.2978
serotype_1_5281-5857_log_constpop_400_combined,serotype_1_67-829.fas,31,18,11,20,8,8.2889,7.428,1,4,185.572,13.1995,8,4.3177,6,5.9538,4,7.428
serotype_1_5281-5857_log_constpop_400_combined,serotype_1_841-1313.fas,31,18,8,17,6,9.1119,10.0882,1,3,185.572,23.0553,7,4.8754,6,5.9538,3,7.8238
serotype_1_5281-5857_log_constpop_400_combined,serotype_1_1325-1601.fas,31,18,5,13,1,6.9165,40.2923,1,1,185.572,40.2923,6,4.3177,4,5.9538,0,nan
serotype_1_5281-5857_log_constpop_400_combined,serotype_1_1613-2349.fas,31,18,10,13,6,7.0322,5.9538,1,3,185.572,7.0322,5,7.0322,5,4.8754,3,4.8754
serotype_1_5281-5857_log_constpop_400_combined,serotype_1_2361-5147.fas,31,18,17,17,9,4.8754,7.0322,1,4,185.572,7.428,8,3.9347,6,4.8562,5,4.8754
serotype_1_5281-5857_log_constpop_400_combined,serotype_1_5281-5857.fas,31,18,10,22,8,7.428,7.428,1,4,185.572,8.4678,7,6.9165,6,6.3304,4,7.428
serotype_1_5281-5857_log_constpop_400_combined,serotype_1_5869-7192.fas,31,18,13,20,9,8.3055,7.8238,1,4,185.572,15.4396,8,4.3177,6,6.3496,4,3.9539
serotype_1_5869-7192_strict_skyline_400_combined,serotype_1_67-829.fas,31,19,11,20,9,5.2517,4.8646,1,4,81.904,8.663,8,3.4592,7,1.6486,6,4.4093
serotype_1_5869-7192_strict_skyline_400_combined,serotype_1_841-1313.fas,31,19,8,17,7,5.8734,5.8734,1,2,81.904,29.1154,7,3.954,7,3.954,4,3.1035
serotype_1_5869-7192_strict_skyline_400_combined,serotype_1_1325-1601.fas,31,19,5,13,2,4.3818,9.5522,1,1,81.904,17.9898,6,3.4592,6,2.8013,1,1.1145
serotype_1_5869-7192_strict_skyline_400_combined,serotype_1_1613-2349.fas,31,19,10,12,6,4.6232,4.1679,1,3,81.904,5.6388,5,3.954,5,3.954,3,3.954
serotype_1_5869-7192_strict_skyline_400_combined,serotype_1_2361-5147.fas,31,19,17,15,11,5.6388,4.8646,1,4,81.904,5.2517,6,3.2566,6,3.2566,6,2.8013
serotype_1_5869-7192_strict_skyline_400_combined,serotype_1_5281-5857.fas,31,19,10,15,7,5.8734,4.8646,1,4,81.904,7.5797,7,4.8646,7,4.8646,4,4.4093
serotype_1_5869-7192_strict_skyline_400_combined,serotype_1_5869-7192.fas,31,19,13,24,12,5.7561,5.2517,1,4,81.904,9.2416,8,4.7019,7,1.6486,6,1.4955
serotype_1_67-829_strict_skyline_100_combined,all_serotypes_1-1304.fas,31,18,51,0,0,nan,nan,0,0,nan,nan,8,3.203,7,3.4312,8,2.4619
serotype_1_67-829_strict_skyline_100_combined,all_serotypes_1330-2896.fas,31,18,51,0,0,nan,nan,0,0,nan,nan,7,1.3818,6,2.4065,7,1.4927
serotype_1_67-829_strict_skyline_100_combined,all_serotypes_2908-3356.fas,31,18,29,0,0,nan,nan,0,0,nan,nan,7,1.3818,6,2.4065,4,3.1072
serotype_1_67-829_strict_skyline_100_combined,all_serotypes_2908-4090.fas,31,18,50,0,0,nan,nan,0,0,nan,nan,8,1.3386,6,2.4065,6,2.4065
serotype_1_67-829_strict_skyline_100_combined,all_serotypes_3368-4090.fas,31,18,43,0,0,nan,nan,0,0,nan,nan,8,1.3386,6,2.4065,6,2.4065
serotype_1_67-829_strict_skyline_100_combined,all_serotypes_4522-4936.fas,31,18,17,0,0,nan,nan,0,0,nan,nan,4,0.8475,3,1.3818,2,4.637
serotype_1_67-829_strict_skyline_100_combined,all_serotypes_4948-5720.fas,31,18,30,0,0,nan,nan,0,0,nan,nan,7,1.3818,5,3.4312,4,4.0765
serotype_1_67-829_strict_skyline_100_combined,all_serotypes_6048-6801.fas,31,18,47,0,0,nan,nan,0,0,nan,nan,7,1.3818,6,2.4065,7,3.4312
serotype_1_841-1313_log_expop_400_combined,all_serotypes_1-1304.fas,31,14,51,0,0,nan,nan,0,0,nan,nan,8,2.1341,7,1.4133,7,1.4133
serotype_1_841-1313_log_expop_400_combined,all_serotypes_1330-2896.fas,31,14,51,0,0,nan,nan,0,0,nan,nan,7,1.4133,6,1.2539,6,1.2539
serotype_1_841-1313_log_expop_400_combined,all_serotypes_2908-3356.fas,31,14,29,0,0,nan,nan,0,0,nan,nan,6,2.2879,5,1.4133,3,1.0946
serotype_1_841-1313_log_expop_400_combined,all_serotypes_2908-4090.fas,31,14,50,0,0,nan,nan,0,0,nan,nan,7,1.4133,5,1.4133,5,1.4133
serotype_1_841-1313_log_expop_400_combined,all_serotypes_3368-4090.fas,31,14,43,0,0,nan,nan,0,0,nan,nan,7,1.4133,5,1.4133,5,1.4133
serotype_1_841-1313_log_expop_400_combined,all_serotypes_4522-4936.fas,31,14,17,0,0,nan,nan,0,0,nan,nan,3,1.0811,3,1.0811,2,2.1218
serotype_1_841-1313_log_expop_400_combined,all_serotypes_4948-5720.fas,31,14,30,0,0,nan,nan,0,0,nan,nan,5,3.1626,4,2.2879,3,3.1626
serotype_1_841-1313_log_expop_400_combined,all_serotypes_6048-6801.fas,31,14,47,0,0,nan,nan,0,0,nan,nan,7,3.1626,6,2.2879,6,2.2879
serotype_1_1325-1601_exp_skyline_400_combined,all_serotypes_1-1304.fas,31,14,51,0,0,nan,nan,0,0,nan,nan,5,2.8739,4,1.7152,4,0.7783
serotype_1_1325-1601_exp_skyline_400_combined,all_serotypes_1330-2896.fas,31,14,51,0,0,nan,nan,0,0,nan,nan,6,2.1279,5,1.3819,5,1.0002
serotype_1_1325-1601_exp_skyline_400_combined,all_serotypes_2908-3356.fas,31,14,29,0,0,nan,nan,0,0,nan,nan,5,2.8739,5,2.8739,4,1.9371
serotype_1_1325-1601_exp_skyline_400_combined,all_serotypes_2908-4090.fas,31,14,50,0,0,nan,nan,0,0,nan,nan,5,2.8739,4,1.7152,3,0.5565
serotype_1_1325-1601_exp_skyline_400_combined,all_serotypes_3368-4090.fas,31,14,43,0,0,nan,nan,0,0,nan,nan,5,2.8739,4,1.7152,3,0.5565
serotype_1_1325-1601_exp_skyline_400_combined,all_serotypes_4522-4936.fas,31,14,17,0,0,nan,nan,0,0,nan,nan,3,0.5138,2,4.3512,2,4.3512
serotype_1_1325-1601_exp_skyline_400_combined,all_serotypes_4948-5720.fas,31,14,30,0,0,nan,nan,0,0,nan,nan,5,2.8739,4,1.7152,2,2.1299
serotype_1_1325-1601_exp_skyline_400_combined,all_serotypes_6048-6801.fas,31,14,47,0,0,nan,nan,0,0,nan,nan,6,1.7152,4,1.7152,3,0.5565
serotype_1_2361-5147_strict_skyline_100_combined,all_serotypes_1-1304.fas,31,24,51,0,0,nan,nan,0,0,nan,nan,6,2.4329,6,2.4329,6,2.4329
serotype_1_2361-5147_strict_skyline_100_combined,all_serotypes_1330-2896.fas,31,24,51,0,0,nan,nan,0,0,nan,nan,7,1.2978,7,1.2978,6,2.4329
serotype_1_2361-5147_strict_skyline_100_combined,all_serotypes_2908-3356.fas,31,24,29,0,0,nan,nan,0,0,nan,nan,8,1.2577,8,1.2577,3,13.3742
serotype_1_2361-5147_strict_skyline_100_combined,all_serotypes_2908-4090.fas,31,24,50,0,0,nan,nan,0,0,nan,nan,9,2.9582,8,2.128,7,2.9582
serotype_1_2361-5147_strict_skyline_100_combined,all_serotypes_3368-4090.fas,31,24,43,0,0,nan,nan,0,0,nan,nan,8,1.0784,8,1.0784,7,1.2978
serotype_1_2361-5147_strict_skyline_100_combined,all_serotypes_4522-4936.fas,31,24,17,0,0,nan,nan,0,0,nan,nan,4,0.4981,4,0.4981,2,7.0573
serotype_1_2361-5147_strict_skyline_100_combined,all_serotypes_4948-5720.fas,31,24,30,0,0,nan,nan,0,0,nan,nan,7,1.2978,6,2.4329,4,4.9154
serotype_1_2361-5147_strict_skyline_100_combined,all_serotypes_6048-6801.fas,31,24,47,0,0,nan,nan,0,0,nan,nan,6,2.4329,6,2.4329,6,2.4329
serotype_1_5281-5857_log_constpop_400_combined,all_serotypes_1-1304.fas,31,18,51,0,0,nan,nan,0,0,nan,nan,7,4.8754,6,5.9538,6,5.9538
serotype_1_5281-5857_log_constpop_400_combined,all_serotypes_1330-2896.fas,31,18,51,0,0,nan,nan,0,0,nan,nan,7,3.0324,6,3.9539,5,4.8754
serotype_1_5281-5857_log_constpop_400_combined,all_serotypes_2908-3356.fas,31,18,29,0,0,nan,nan,0,0,nan,nan,7,3.0324,6,3.9539,2,6.3496
serotype_1_5281-5857_log_constpop_400_combined,all_serotypes_2908-4090.fas,31,18,50,0,0,nan,nan,0,0,nan,nan,7,4.8371,6,4.8562,5,4.8754
serotype_1_5281-5857_log_constpop_400_combined,all_serotypes_3368-4090.fas,31,18,43,0,0,nan,nan,0,0,nan,nan,7,4.8371,6,4.8562,5,4.8754
serotype_1_5281-5857_log_constpop_400_combined,all_serotypes_4522-4936.fas,31,18,17,0,0,nan,nan,0,0,nan,nan,4,1.8793,3,1.4438,1,7.8238
serotype_1_5281-5857_log_constpop_400_combined,all_serotypes_4948-5720.fas,31,18,30,0,0,nan,nan,0,0,nan,nan,6,5.9346,5,4.8754,4,5.9538
serotype_1_5281-5857_log_constpop_400_combined,all_serotypes_6048-6801.fas,31,18,47,0,0,nan,nan,0,0,nan,nan,8,3.9539,6,5.9538,6,5.9538
serotype_1_5869-7192_strict_skyline_400_combined,all_serotypes_1-1304.fas,31,19,51,0,0,nan,nan,0,0,nan,nan,8,4.2466,7,3.954,7,3.954
serotype_1_5869-7192_strict_skyline_400_combined,all_serotypes_1330-2896.fas,31,19,51,0,0,nan,nan,0,0,nan,nan,6,2.8013,6,2.8013,6,2.8013
serotype_1_5869-7192_strict_skyline_400_combined,all_serotypes_2908-3356.fas,31,19,29,0,0,nan,nan,0,0,nan,nan,6,2.8013,6,2.8013,3,4.8646
serotype_1_5869-7192_strict_skyline_400_combined,all_serotypes_2908-4090.fas,31,19,50,0,0,nan,nan,0,0,nan,nan,6,2.8013,6,2.8013,6,2.8013
serotype_1_5869-7192_strict_skyline_400_combined,all_serotypes_3368-4090.fas,31,19,43,0,0,nan,nan,0,0,nan,nan,6,2.8013,6,2.8013,6,2.8013
serotype_1_5869-7192_strict_skyline_400_combined,all_serotypes_4522-4936.fas,31,19,17,0,0,nan,nan,0,0,nan,nan,3,1.1145,3,1.1145,2,2.9895
serotype_1_5869-7192_strict_skyline_400_combined,all_serotypes_4948-5720.fas,31,19,30,0,0,nan,nan,0,0,nan,nan,5,3.954,5,3.954,4,4.4093
serotype_1_5869-7192_strict_skyline_400_combined,all_serotypes_6048-6801.fas,31,19,47,0,0,nan,nan,0,0,nan,nan,8,2.149,7,1.6486,8,2.8013
serotype_4_6048-7191_exp_constpop_combined,serotype_4_4-1472.fas,17,11,10,8,3,2.4733,3.6181,1,2,61.8752,8.3008,4,1.2578,3,1.8379,1,1.8379
serotype_4_6048-7191_exp_constpop_combined,serotype_4_1484-2437.fas,17,11,7,7,3,3.1086,3.6181,1,2,61.8752,8.3008,3,0.6776,2,1.2138,1,1.8379
serotype_4_6048-7191_exp_constpop_combined,serotype_4_2449-3964.fas,17,11,7,8,5,3.3633,1.8379,1,3,61.8752,1.8379,4,8.3008,3,1.8379,3,1.8379
serotype_4_6048-7191_exp_constpop_combined,serotype_4_3976-4272.fas,17,11,3,8,4,2.4733,2.728,1,3,61.8752,1.8379,4,1.2578,3,1.8379,2,1.2138
serotype_4_6048-7191_exp_constpop_combined,serotype_4_4284-5478.fas,17,11,4,7,2,3.1086,2.1039,1,2,61.8752,2.1039,3,0.6776,2,1.2138,0,nan
serotype_4_6048-7191_exp_constpop_combined,serotype_4_5728-6036.fas,17,11,2,9,1,8.2949,14.7637,1,1,61.8752,14.7637,3,1.8379,1,1.8379,0,nan
serotype_4_6048-7191_exp_constpop_combined,serotype_4_6048-7191.fas,17,11,9,14,7,3.9381,3.6181,1,2,61.8752,18.6158,5,3.1086,4,2.4733,3,2.4567
serotype_4_6048-7191_exp_constpop_combined,all_serotypes_1-1304.fas,17,11,51,0,0,nan,nan,0,0,nan,nan,4,1.2578,3,1.8379,2,2.728
serotype_4_6048-7191_exp_constpop_combined,all_serotypes_1330-2896.fas,17,11,51,0,0,nan,nan,0,0,nan,nan,4,1.2578,3,1.8379,3,1.8379
serotype_4_6048-7191_exp_constpop_combined,all_serotypes_2908-3356.fas,17,11,29,0,0,nan,nan,0,0,nan,nan,3,0.6776,2,7.6767,2,2.1039
serotype_4_6048-7191_exp_constpop_combined,all_serotypes_2908-4090.fas,17,11,50,0,0,nan,nan,0,0,nan,nan,4,1.2578,3,1.8379,3,1.8379
serotype_4_6048-7191_exp_constpop_combined,all_serotypes_3368-4090.fas,17,11,43,0,0,nan,nan,0,0,nan,nan,3,0.6776,2,1.2138,2,1.2138
serotype_4_6048-7191_exp_constpop_combined,all_serotypes_4522-4936.fas,17,11,17,0,0,nan,nan,0,0,nan,nan,0,nan,0,nan,0,nan
serotype_4_6048-7191_exp_constpop_combined,all_serotypes_4948-5720.fas,17,11,30,0,0,nan,nan,0,0,nan,nan,3,0.6776,2,1.2138,0,nan
serotype_4_6048-7191_exp_constpop_combined,all_serotypes_6048-6801.fas,17,11,47,0,0,nan,nan,0,0,nan,nan,2,11.5293,2,11.5293,4,2.4733
all_serotypes_1330-2896_strict_skyline_100_combined,serotype_1_67-829.fas,75,55,11,0,0,nan,nan,0,0,nan,nan,7,1.2371,7,1.2371,6,2.1273
all_serotypes_1330-2896_strict_skyline_100_combined,serotype_1_841-1313.fas,75,55,8,0,0,nan,nan,0,0,nan,nan,6,2.0358,6,2.0358,4,1.0124
all_serotypes_1330-2896_strict_skyline_100_combined,serotype_1_1325-1601.fas,75,55,5,0,0,nan,nan,0,0,nan,nan,7,2.2028,6,2.1273,1,0.7876
all_serotypes_1330-2896_strict_skyline_100_combined,serotype_1_1613-2349.fas,75,55,10,0,0,nan,nan,0,0,nan,nan,5,3.0174,5,3.0174,4,2.1273
all_serotypes_1330-2896_strict_skyline_100_combined,serotype_1_2361-5147.fas,75,55,17,0,0,nan,nan,0,0,nan,nan,6,2.0358,6,2.0358,7,1.2371
all_serotypes_1330-2896_strict_skyline_100_combined,serotype_1_5281-5857.fas,75,55,10,0,0,nan,nan,0,0,nan,nan,6,2.0358,6,2.0358,3,3.0174
all_serotypes_1330-2896_strict_skyline_100_combined,serotype_1_5869-7192.fas,75,55,13,0,0,nan,nan,0,0,nan,nan,7,1.2371,7,1.2371,5,1.0541
all_serotypes_1330-2896_strict_skyline_100_combined,serotype_4_4-1472.fas,75,55,10,0,0,nan,nan,0,0,nan,nan,5,3.0974,5,3.0974,4,0.8905
all_serotypes_1330-2896_strict_skyline_100_combined,serotype_4_1484-2437.fas,75,55,7,0,0,nan,nan,0,0,nan,nan,4,2.8438,4,2.8438,3,0.3235
all_serotypes_1330-2896_strict_skyline_100_combined,serotype_4_2449-3964.fas,75,55,7,0,0,nan,nan,0,0,nan,nan,5,3.0974,5,3.0974,3,0.7316
all_serotypes_1330-2896_strict_skyline_100_combined,serotype_4_3976-4272.fas,75,55,3,0,0,nan,nan,0,0,nan,nan,3,0.7316,3,0.7316,2,0.482
all_serotypes_1330-2896_strict_skyline_100_combined,serotype_4_4284-5478.fas,75,55,4,0,0,nan,nan,0,0,nan,nan,3,2.5901,3,2.5901,0,nan
all_serotypes_1330-2896_strict_skyline_100_combined,serotype_4_5728-6036.fas,75,55,2,0,0,nan,nan,0,0,nan,nan,3,1.2609,3,1.2609,0,nan
all_serotypes_1330-2896_strict_skyline_100_combined,serotype_4_6048-7191.fas,75,55,9,0,0,nan,nan,0,0,nan,nan,4,6.0959,4,6.0959,2,11.7487
all_serotypes_1330-2896_strict_skyline_100_combined,all_serotypes_1-1304.fas,75,55,51,50,39,5.9846,6.256,1,2,251.443,115.2535,14,7.0875,14,7.0875,18,3.0384
all_serotypes_1330-2896_strict_skyline_100_combined,all_serotypes_1330-2896.fas,75,55,51,66,45,7.5368,7.0578,1,2,251.443,115.2535,12,8.8581,13,11.1704,19,5.7131
all_serotypes_1330-2896_strict_skyline_100_combined,all_serotypes_2908-3356.fas,75,55,29,31,19,5.7131,7.0578,1,11,251.443,10.2935,13,5.7131,13,5.7131,10,2.1483
all_serotypes_1330-2896_strict_skyline_100_combined,all_serotypes_2908-4090.fas,75,55,50,36,29,5.3967,5.3386,1,13,251.443,11.1704,12,7.3707,13,3.0174,14,2.0358
all_serotypes_1330-2896_strict_skyline_100_combined,all_serotypes_3368-4090.fas,75,55,43,35,25,5.4548,5.7131,1,12,251.443,10.732,12,4.2361,13,2.5901,12,0.9209
all_serotypes_1330-2896_strict_skyline_100_combined,all_serotypes_4522-4936.fas,75,55,17,19,11,7.8472,10.2584,1,6,251.443,10.732,7,10.2584,6,10.7144,4,10.7144
all_serotypes_1330-2896_strict_skyline_100_combined,all_serotypes_4948-5720.fas,75,55,30,27,13,4.2778,3.0594,1,11,251.443,3.0594,13,3.0174,12,2.1391,8,2.2374
all_serotypes_1330-2896_strict_skyline_100_combined,all_serotypes_6048-6801.fas,75,55,47,27,21,3.0594,3.0174,1,18,251.443,3.0574,18,2.0358,15,3.0174,15,3.0174
all_serotypes_2908-4090_log_skyline_combined,serotype_1_67-829.fas,75,52,11,0,0,nan,nan,0,0,nan,nan,6,2.4167,6,2.4167,5,3.3101
all_serotypes_2908-4090_log_skyline_combined,serotype_1_841-1313.fas,75,52,8,0,0,nan,nan,0,0,nan,nan,6,2.4167,6,2.4167,3,0.7093
all_serotypes_2908-4090_log_skyline_combined,serotype_1_1325-1601.fas,75,52,5,0,0,nan,nan,0,0,nan,nan,5,3.3101,5,3.3101,1,0.7093
all_serotypes_2908-4090_log_skyline_combined,serotype_1_1613-2349.fas,75,52,10,0,0,nan,nan,0,0,nan,nan,5,3.3101,5,3.3101,3,3.3101
all_serotypes_2908-4090_log_skyline_combined,serotype_1_2361-5147.fas,75,52,17,0,0,nan,nan,0,0,nan,nan,8,2.4167,7,2.7669,6,2.4167
all_serotypes_2908-4090_log_skyline_combined,serotype_1_5281-5857.fas,75,52,10,0,0,nan,nan,0,0,nan,nan,7,1.5233,6,2.4167,3,3.3101
all_serotypes_2908-4090_log_skyline_combined,serotype_1_5869-7192.fas,75,52,13,0,0,nan,nan,0,0,nan,nan,6,2.4167,6,2.4167,5,1.5233
all_serotypes_2908-4090_log_skyline_combined,serotype_4_4-1472.fas,75,52,10,0,0,nan,nan,0,0,nan,nan,5,3.4469,4,2.0013,3,1.8569
all_serotypes_2908-4090_log_skyline_combined,serotype_4_1484-2437.fas,75,52,7,0,0,nan,nan,0,0,nan,nan,4,2.7963,3,1.8569,2,9.7423
all_serotypes_2908-4090_log_skyline_combined,serotype_4_2449-3964.fas,75,52,7,0,0,nan,nan,0,0,nan,nan,5,3.4469,4,1.0933,2,0.2657
all_serotypes_2908-4090_log_skyline_combined,serotype_4_3976-4272.fas,75,52,3,0,0,nan,nan,0,0,nan,nan,3,0.3298,2,0.2657,2,0.2657
all_serotypes_2908-4090_log_skyline_combined,serotype_4_4284-5478.fas,75,52,4,0,0,nan,nan,0,0,nan,nan,3,2.1457,3,1.8569,1,1.8523
all_serotypes_2908-4090_log_skyline_combined,serotype_4_5728-6036.fas,75,52,2,0,0,nan,nan,0,0,nan,nan,3,1.0657,2,1.0933,0,nan
all_serotypes_2908-4090_log_skyline_combined,serotype_4_6048-7191.fas,75,52,9,0,0,nan,nan,0,0,nan,nan,4,5.9529,3,0.3298,1,0.3298
all_serotypes_2908-4090_log_skyline_combined,all_serotypes_1-1304.fas,75,52,51,37,26,3.4469,3.975,1,10,208.0422,7.6986,12,4.3468,11,3.3101,11,1.5233
all_serotypes_2908-4090_log_skyline_combined,all_serotypes_1330-2896.fas,75,52,51,41,30,4.5402,5.5254,1,11,208.0422,15.47,14,5.5254,12,5.5254,13,1.5233
all_serotypes_2908-4090_log_skyline_combined,all_serotypes_2908-3356.fas,75,52,29,44,23,7.1168,7.3787,1,3,208.0422,58.9354,16,3.9869,13,3.3101,9,7.3787
all_serotypes_2908-4090_log_skyline_combined,all_serotypes_2908-4090.fas,75,52,50,66,40,7.1168,8.5913,1,3,208.0422,58.9354,13,11.5761,11,9.9723,12,5.7934
all_serotypes_2908-4090_log_skyline_combined,all_serotypes_3368-4090.fas,75,52,43,56,38,6.684,9.5683,1,3,208.0422,58.9354,17,1.8569,15,1.8569,15,3.3101
all_serotypes_2908-4090_log_skyline_combined,all_serotypes_4522-4936.fas,75,52,17,21,11,9.9723,9.9723,1,8,208.0422,15.7761,6,6.1427,4,8.0896,3,15.47
all_serotypes_2908-4090_log_skyline_combined,all_serotypes_4948-5720.fas,75,52,30,31,14,4.5402,3.9251,1,11,208.0422,4.5402,14,1.2945,12,1.6901,9,1.8569
all_serotypes_2908-4090_log_skyline_combined,all_serotypes_6048-6801.fas,75,52,47,29,19,4.5402,3.3101,1,14,208.0422,5.0824,15,1.5233,13,1.5233,11,1.5233
all_serotypes_3368-4090_strict_expop_100_combined,serotype_1_67-829.fas,75,47,11,0,0,nan,nan,0,0,nan,nan,6,2.3764,6,2.3764,5,3.2196
all_serotypes_3368-4090_strict_expop_100_combined,serotype_1_841-1313.fas,75,47,8,0,0,nan,nan,0,0,nan,nan,6,2.3764,6,2.3764,3,0.3884
all_serotypes_3368-4090_strict_expop_100_combined,serotype_1_1325-1601.fas,75,47,5,0,0,nan,nan,0,0,nan,nan,5,3.2196,5,3.2196,1,0.3615
all_serotypes_3368-4090_strict_expop_100_combined,serotype_1_1613-2349.fas,75,47,10,0,0,nan,nan,0,0,nan,nan,5,3.2196,5,3.2196,3,3.2196
all_serotypes_3368-4090_strict_expop_100_combined,serotype_1_2361-5147.fas,75,47,17,0,0,nan,nan,0,0,nan,nan,9,2.3032,7,2.3032,6,2.3764
all_serotypes_3368-4090_strict_expop_100_combined,serotype_1_5281-5857.fas,75,47,10,0,0,nan,nan,0,0,nan,nan,7,1.5333,6,2.3764,3,3.2196
all_serotypes_3368-4090_strict_expop_100_combined,serotype_1_5869-7192.fas,75,47,13,0,0,nan,nan,0,0,nan,nan,6,2.3764,6,2.3764,5,1.5333
all_serotypes_3368-4090_strict_expop_100_combined,serotype_4_4-1472.fas,75,47,10,0,0,nan,nan,0,0,nan,nan,3,2.6057,3,1.8028,3,1.8028
all_serotypes_3368-4090_strict_expop_100_combined,serotype_4_1484-2437.fas,75,47,7,0,0,nan,nan,0,0,nan,nan,4,3.0814,4,2.2042,2,6.9244
all_serotypes_3368-4090_strict_expop_100_combined,serotype_4_2449-3964.fas,75,47,7,0,0,nan,nan,0,0,nan,nan,3,0.42,3,0.42,2,0.3427
all_serotypes_3368-4090_strict_expop_100_combined,serotype_4_3976-4272.fas,75,47,3,0,0,nan,nan,0,0,nan,nan,4,0.7058,3,0.42,2,0.3427
all_serotypes_3368-4090_strict_expop_100_combined,serotype_4_4284-5478.fas,75,47,4,0,0,nan,nan,0,0,nan,nan,4,3.0814,4,2.2042,1,1.5739
all_serotypes_3368-4090_strict_expop_100_combined,serotype_4_5728-6036.fas,75,47,2,0,0,nan,nan,0,0,nan,nan,4,1.3972,3,1.8028,0,nan
all_serotypes_3368-4090_strict_expop_100_combined,serotype_4_6048-7191.fas,75,47,9,0,0,nan,nan,0,0,nan,nan,2,0.3427,2,0.3427,1,0.42
all_serotypes_3368-4090_strict_expop_100_combined,all_serotypes_1-1304.fas,75,47,51,36,24,4.0561,4.6815,1,10,133.8265,6.2084,11,4.6625,11,4.6625,12,1.668
all_serotypes_3368-4090_strict_expop_100_combined,all_serotypes_1330-2896.fas,75,47,51,40,29,4.3975,5.0559,1,11,133.8265,11.1873,13,5.0559,11,5.0559,13,1.5333
all_serotypes_3368-4090_strict_expop_100_combined,all_serotypes_2908-3356.fas,75,47,29,38,20,5.3159,6.2084,1,3,133.8265,45.9222,14,1.5134,12,2.3764,10,5.3779
all_serotypes_3368-4090_strict_expop_100_combined,all_serotypes_2908-4090.fas,75,47,50,58,36,6.2084,7.1293,1,3,133.8265,45.9222,15,3.2196,14,2.4544,14,2.9126
all_serotypes_3368-4090_strict_expop_100_combined,all_serotypes_3368-4090.fas,75,47,43,60,40,6.5409,9.3021,1,3,133.8265,45.9222,15,1.8028,16,2.2042,14,5.2467
all_serotypes_3368-4090_strict_expop_100_combined,all_serotypes_4522-4936.fas,75,47,17,22,11,8.214,8.5311,1,8,133.8265,10.6302,6,5.3117,5,10.073,3,10.073
all_serotypes_3368-4090_strict_expop_100_combined,all_serotypes_4948-5720.fas,75,47,30,33,14,3.5572,3.941,1,11,133.8265,4.6625,16,1.2625,13,1.8028,9,1.8028
all_serotypes_3368-4090_strict_expop_100_combined,all_serotypes_6048-6801.fas,75,47,47,28,19,4.6815,3.2196,1,14,133.8265,3.941,13,1.5333,12,2.3764,11,1.5333
