GBAC,country,host,collection_date,taxon,orf1b_aa,orf1b_nt-0.3,orf1b_nt,orf2_aa,orf2_nt,color_orf1b16,num,code
AB823731/Bhutan/human/2010/MAstV6,Bhutan,human,2010.0,MAstV6,2,0,0,0,10,#783ad7,1,a
AB823732/Bhutan/human/2010/MAstV6,Bhutan,human,2010.0,MAstV6,2,0,0,0,10,#702cd9,2,aa
AF260508/NA/human/NA/MAstV1,,human,,MAstV1,0,1,1,1,32,#57e457,3,aaa
AY179509/NA/mink/NA/MAstV10,,mink,,MAstV10,21,22,29,29,33,#000000,4,aaaa
AY720891/NA/human/NA/MAstV1,,human,,MAstV1,0,1,1,1,0,#71df71,5,aaab
AY720892/NA/human/NA/MAstV1,,human,,MAstV1,0,1,1,8,2,#78de78,6,aaac
DQ028633/BRA/human/NA/MAstV1,BRA,human,,MAstV1,0,1,1,8,1,#1ef41e,7,aaad
DQ070852/BRA/human/NA/MAstV1,BRA,human,,MAstV1,0,1,1,1,0,#30ef30,8,aaae
DQ344027/CHN/human/NA/MAstV1,CHN,human,,MAstV1,0,1,1,1,0,#5be35b,9,aab
FJ402983/USA/human/2008/MAstV6,USA,human,2008.0,MAstV6,2,0,0,0,10,#520eba,10,aaba
FJ755402/CHN/human/2005/MAstV1,CHN,human,2005.0,MAstV1,0,1,1,8,2,#3ceb3c,11,aabb
FJ755403/CHN/human/2006/MAstV1,CHN,human,2006.0,MAstV1,0,1,1,8,2,#75de75,12,aabc
FJ755404/CHN/human/2007/MAstV1,CHN,human,2007.0,MAstV1,0,1,1,8,2,#38ec38,13,aabd
FJ755405/CHN/human/2007/MAstV1,CHN,human,2007.0,MAstV1,0,1,1,8,2,#3aec3a,14,aabe
GQ495608/CHN/human/2007/MAstV1,CHN,human,2007.0,MAstV1,0,1,1,8,60,#1af61a,15,aac
GQ502193/USA/human/2009/MAstV8,USA,human,2009.0,MAstV8,10,15,20,38,52,#d50647,16,aaca
GQ891990/USA/human/2007/MAstV9,USA,human,2007.0,MAstV9,4,3,4,48,36,#d7dbbd,17,aacb
GQ901902/RUS/human/2009/MAstV1,RUS,human,2009.0,MAstV1,0,1,1,8,60,#17f717,18,aacc
GU223905/RUS/human/2003/MAstV1,RUS,human,2003.0,MAstV1,0,1,1,47,3,#0efa0e,19,aacd
GU732187/RUS/human/2008/MAstV1,RUS,human,2008.0,MAstV1,0,1,1,47,3,#0cfb0c,20,aace
GU985458/SWE/mink/NA/MAstV10,SWE,mink,,MAstV10,21,22,29,92,78,#000000,21,aad
HM237363/NA/human/NA/MAstV1,,human,,MAstV1,0,1,1,8,60,#13f813,22,aada
HM450380/HKG/human/2005/MAstV6,HKG,human,2005.0,MAstV6,2,0,0,0,10,#6922d7,23,aadb
HQ398856/HUN/human/2010/MAstV1,HUN,human,2010.0,MAstV1,0,1,1,8,2,#98da98,24,aadc
HQ916313/HKG/cattle/NA/NA,HKG,cow,,,1,7,3,10,34,#d3bddb,25,aadd
HQ916314/HKG/cattle/NA/NA,HKG,cow,,,1,2,2,93,79,#000000,26,aade
HQ916316/HKG/cattle/NA/NA,HKG,cow,,,1,2,2,43,35,#000000,27,aae
HQ916317/HKG/cattle/NA/NA,HKG,cow,,,1,7,3,87,34,#d3aee1,28,aaea
JF491430/RUS/human/2004/MAstV1,RUS,human,2004.0,MAstV1,0,1,1,47,3,#09fc09,29,aaeb
JF713712/USA/pig/2010/NA,USA,pig,2010.0,,1,7,7,86,96,#1fcaca,30,aaec
JN887820/KOR/human/2006/MAstV1,KOR,human,2006.0,MAstV1,0,1,1,8,2,#73de73,31,aaed
JQ086552/CHN/human/2010/MAstV6,CHN,human,2010.0,MAstV6,2,0,0,0,10,#631cd1,32,aaee
JQ403108/CHN/human/2010/MAstV1,CHN,human,2010.0,MAstV1,0,1,1,8,1,#22f322,33,ab
JX556690/USA/pig/2011/NA,USA,pig,2011.0,,1,7,7,25,7,#15bbbb,34,aba
JX556692/USA/pig/2011/NA,USA,pig,2011.0,,3,5,9,26,50,#bddbcb,35,abaa
KC285152/RUS/human/2011/MAstV1,RUS,human,2011.0,MAstV1,0,1,1,47,53,#00ff00,36,abab
KF039910/RUS/human/2005/MAstV1,RUS,human,2005.0,MAstV1,0,1,1,47,53,#36ed36,37,abac
KF039911/RUS/human/2006/MAstV1,RUS,human,2006.0,MAstV1,0,1,1,47,53,#05fd05,38,abad
KF039912/RUS/human/2005/MAstV1,RUS,human,2005.0,MAstV1,0,1,1,1,0,#4de74d,39,abae
KF039913/RUS/human/2010/MAstV1,RUS,human,2010.0,MAstV1,0,1,1,1,0,#59e459,40,abb
KF211475/CHN/human/2010/MAstV1,CHN,human,2010.0,MAstV1,0,1,1,8,2,#77de77,41,abba
KF374704/PRT/cat/2012/MAstV2,PRT,cat,2012.0,MAstV2,0,14,13,9,15,#7eaddd,42,abbb
KJ495986/USA/pig/2012/NA,USA,pig,2012.0,,1,7,7,25,7,#1cc6c6,43,abbc
KJ620980/CHN/cattle/2014/NA,CHN,cow,2014.0,,1,2,3,10,25,#d3b6de,44,abbd
KJ656124/GMB/human/2009/NA,GMB,human,2009.0,,24,21,28,30,54,#000000,45,abbe
KJ920196/GBR/human/2013/MAstV9,GBR,human,2013.0,MAstV9,4,3,4,48,36,#d2e360,46,abc
KJ920197/GBR/human/2014/MAstV9,GBR,human,2014.0,MAstV9,4,3,4,48,36,#d5ea44,47,abca
KM017743/USA/cat/2013/MAstV2,USA,cat,2013.0,MAstV2,0,14,13,9,15,#2e8eef,48,abcb
KM358468/NA/human/NA/MAstV9,,human,,MAstV9,4,3,4,48,36,#d9f426,49,abcc
KM401565/NA/human/NA/MAstV9,,human,,MAstV9,4,3,4,48,36,#d4daa9,50,abcd
KM822593/CHN/yak/2013/NA,CHN,yak,2013.0,,1,7,3,2,97,#d3ade1,51,abce
KP264970/USA/cow/2013/NA,USA,cow,2013.0,,9,10,14,3,134,#57ebe3,52,abd
KP404150/GBR/dog/2012/MAstV5,GBR,dog,2012.0,MAstV5,6,6,10,35,80,#96c996,53,abda
KP747573/CHN/pig/2006/NA,CHN,pig,2006.0,,1,7,8,45,55,#8bd3d3,54,abdb
KP747574/CHN/pig/2006/NA,CHN,pig,2006.0,,15,16,22,31,12,#000000,55,abdc
KP759770/KOR/pig/2014/NA,KOR,pig,2014.0,,1,7,8,45,55,#92d3d3,56,abdd
KP862744/KOR/human/2014/MAstV1,KOR,human,2014.0,MAstV1,0,1,1,1,32,#34ee34,57,abde
KP982872/BEL/pig/NA/NA,BEL,pig,,,1,7,8,45,55,#64d1d1,58,abe
KR868721/ARE/camel/2013/NA,ARE,camel,2013.0,,1,7,8,32,56,#b4d9d9,59,abea
KR868722/ARE/camel/2013/NA,ARE,camel,2013.0,,1,7,8,32,56,#b1d8d8,60,abeb
KR868723/ARE/camel/2013/NA,ARE,camel,2013.0,,1,7,8,32,56,#b7dada,61,abec
KT946726/HKG/rat/NA/NA,HKG,rat,,,17,17,23,4,37,#dbd0bd,62,abed
KT946727/HKG/rat/NA/NA,HKG,rat,,,17,17,23,4,37,#e0cfb4,63,abee
KT946728/HKG/rat/NA/NA,HKG,rat,,,17,17,23,4,37,#ebcea2,64,ac
KT946729/HKG/rat/NA/NA,HKG,rat,,,17,17,23,4,37,#f1ce98,65,aca
KT946730/HKG/rat/NA/NA,HKG,rat,,,17,17,23,4,37,#e5cfab,66,acaa
KT946731/HKG/rat/NA/NA,HKG,rat,,,17,17,30,62,4,#f7ce8e,67,acab
KT946732/HKG/rat/NA/NA,HKG,rat,,,7,18,24,37,57,#7ab8f1,68,acac
KT946733/HKG/rat/NA/NA,HKG,rat,,,7,18,24,37,57,#66b3fa,69,acad
KT946735/CHN/rat/NA/NA,CHN,rat,,,11,12,16,33,98,#000000,70,acae
KT946736/CHN/rat/NA/NA,CHN,rat,,,11,12,16,103,99,#000000,71,acb
KT956903/CHE/cow/2015/NA,CHE,cow,2015.0,,12,4,5,5,5,#dbbddb,72,acba
KU764484/USA/pig/2015/NA,USA,pig,2015.0,,3,5,9,65,125,#b0dac4,73,acbb
KU764486/USA/pig/2015/NA,USA,pig,2015.0,,3,5,9,65,125,#addac3,74,acbc
KX033447/CHN/pig/2015/NA,CHN,pig,2015.0,,3,5,9,34,116,#5fe19e,75,acbd
KX060808/CHN/pig/2014/NA,CHN,pig,2014.0,,3,5,9,44,42,#9adab8,76,acbe
KX060809/CHN/pig/2014/NA,CHN,pig,2014.0,,3,5,9,6,144,#a5dabe,77,acc
KX599350/HUN/dog/2012/MAstV5,HUN,dog,2012.0,MAstV5,6,6,10,35,80,#98ca98,78,acca
KX599352/HUN/dog/2012/NA,HUN,dog,2012.0,,6,6,17,35,11,#81c081,79,accb
KX756441/AUS/dog/2012/MAstV5,AUS,dog,2012.0,MAstV5,6,6,10,35,11,#a0cea0,80,accc
KY073229/HUN/pig/2016/NA,HUN,pig,2016.0,,5,8,11,14,8,#ac7081,81,accd
KY073231/HUN/pig/2016/NA,HUN,pig,2016.0,,5,8,11,14,8,#a7687a,82,acce
KY073232/HUN/pig/2015/NA,HUN,pig,2015.0,,5,8,11,14,8,#a96c7e,83,acd
KY765684/BRA/crab-eating-fox/2015/MAstV5,BRA,crab-eating-fox,2015.0,MAstV5,6,6,10,35,80,#91c791,84,acda
KY859988/CHE/sheep/2006/NA,CHE,sheep,2006.0,,12,4,5,5,5,#daa8da,85,acdb
KY933398/KEN/pig/2012/NA,KEN,pig,2012.0,,3,5,9,66,100,#71dea5,86,acdc
KY933670/USA/human/2017/MAstV9,USA,human,2017.0,MAstV9,4,3,4,48,36,#d2db93,87,acdd
KY940077/UGA/pig/2012/NA,UGA,pig,2012.0,,1,7,8,85,101,#88d2d2,88,acde
KY940545/USA/pig/2017/NA,USA,pig,2017.0,,5,8,11,14,8,#d7b5bf,89,ace
L23513/NA/human/NA/MAstV1,,human,,MAstV1,0,1,1,8,2,#8fdb8f,90,acea
LC047787/JPN/cow/2013/NA,JPN,cow,2013.0,,1,2,3,22,61,#d68df0,91,aceb
LC047788/JPN/cow/2013/NA,JPN,cow,2013.0,,1,2,6,84,6,#53b620,92,acec
LC047790/JPN/cow/2009/NA,JPN,cow,2009.0,,9,10,14,41,67,#1ffff2,93,aced
LC047791/JPN/cow/2009/NA,JPN,cow,2009.0,,1,2,6,23,27,#44a015,94,acee
LC047792/JPN/cow/2009/NA,JPN,cow,2009.0,,1,2,6,23,27,#76cd4a,95,ad
LC047793/JPN/cow/2009/NA,JPN,cow,2009.0,,15,16,26,31,117,#000000,96,ada
LC047794/JPN/cow/2009/NA,JPN,cow,2009.0,,1,2,6,21,38,#37890d,97,adaa
LC047795/JPN/cow/2014/NA,JPN,cow,2014.0,,1,2,6,21,38,#6ccd39,98,adab
LC047796/JPN/cow/2014/NA,JPN,cow,2014.0,,1,2,3,10,34,#d68bf1,99,adac
LC047797/JPN/cow/2015/NA,JPN,cow,2015.0,,1,7,3,22,68,#d3abe2,100,adad
LC047798/JPN/cow/2015/NA,JPN,cow,2015.0,,9,10,14,27,118,#29fbef,101,adae
LC047799/JPN/cow/2015/NA,JPN,cow,2015.0,,1,2,6,21,38,#307c09,102,adb
LC047800/JPN/cow/2015/NA,JPN,cow,2015.0,,9,10,14,94,119,#3cf4ea,103,adba
LC047801/JPN/cow/2015/NA,JPN,cow,2015.0,,1,2,6,21,38,#4cab1b,104,adbb
LC064152/JPN/human/2015/MAstV6,JPN,human,2015.0,MAstV6,2,0,0,0,10,#5d17ca,105,adbc
LC201585/JPN/pig/2014/NA,JPN,pig,2014.0,,1,7,7,25,7,#13b8b8,106,adbd
LC201586/JPN/pig/2015/NA,JPN,pig,2015.0,,1,2,7,86,96,#12b6b6,107,adbe
LC201587/JPN/pig/2015/NA,JPN,pig,2015.0,,1,2,8,45,39,#59d2d2,108,adc
LC201588/JPN/pig/2015/NA,JPN,pig,2015.0,,1,7,8,45,39,#a2d5d5,109,adca
LC201589/JPN/pig/2015/NA,JPN,pig,2015.0,,1,7,7,36,40,#079999,110,adcb
LC201590/JPN/pig/2015/NA,JPN,pig,2015.0,,1,7,8,46,102,#7ad2d2,111,adcc
LC201591/JPN/pig/2015/NA,JPN,pig,2015.0,,1,7,8,52,140,#8ed3d3,112,adcd
LC201592/JPN/pig/2015/NA,JPN,pig,2015.0,,1,7,8,56,58,#35d5d5,113,adce
LC201593/JPN/pig/2015/NA,JPN,pig,2015.0,,1,7,8,80,59,#3dd4d4,114,add
LC201594/JPN/pig/2015/NA,JPN,pig,2015.0,,1,7,7,45,103,#069797,115,adda
LC201595/JPN/pig/2014/NA,JPN,pig,2014.0,,5,8,11,14,8,#8a5363,116,addb
LC201596/JPN/pig/2014/NA,JPN,pig,2014.0,,5,8,11,14,8,#96596b,117,addc
LC201597/JPN/pig/2014/NA,JPN,pig,2014.0,,5,8,11,14,8,#925768,118,addd
LC201598/JPN/pig/2014/NA,JPN,pig,2014.0,,5,8,11,104,81,#ae7384,119,adde
LC201599/JPN/pig/2014/NA,JPN,pig,2014.0,,5,8,11,14,8,#8e5566,120,ade
LC201600/JPN/pig/2014/NA,JPN,pig,2014.0,,3,5,9,60,9,#15f681,121,adea
LC201601/JPN/pig/2014/NA,JPN,pig,2014.0,,3,5,9,60,9,#1df384,122,adeb
LC201602/JPN/pig/2014/NA,JPN,pig,2014.0,,3,5,9,26,50,#19f483,123,adec
LC201603/JPN/pig/2014/NA,JPN,pig,2014.0,,3,5,9,76,41,#4de696,124,aded
LC201605/JPN/pig/2015/NA,JPN,pig,2015.0,,3,5,9,77,104,#abdac1,125,adee
LC201606/JPN/pig/2015/NA,JPN,pig,2015.0,,3,5,9,17,82,#8edab3,126,ae
LC201607/JPN/pig/2015/NA,JPN,pig,2015.0,,3,5,9,6,120,#26f187,127,aea
LC201608/JPN/pig/2015/NA,JPN,pig,2015.0,,3,5,9,61,122,#a2dabd,128,aeaa
LC201609/JPN/pig/2015/NA,JPN,pig,2015.0,,3,5,9,6,120,#77dda8,129,aeab
LC201610/JPN/pig/2015/NA,JPN,pig,2015.0,,3,5,9,44,42,#6adfa2,130,aeac
LC201611/JPN/pig/2015/NA,JPN,pig,2015.0,,3,5,9,44,42,#63e19f,131,aead
LC201612/JPN/pig/2015/NA,JPN,pig,2015.0,,3,5,9,44,42,#66e0a1,132,aeae
LC201613/JPN/pig/2015/NA,JPN,pig,2015.0,,3,5,9,60,9,#9fdabb,133,aeb
LC201614/JPN/pig/2015/NA,JPN,pig,2015.0,,3,5,9,78,105,#45e793,134,aeba
LC341267/JPN/cow/2016/NA,JPN,cow,2016.0,,19,13,18,7,44,#000000,135,aebb
LC694985/JPN/human/2019/MAstV1,JPN,human,2019.0,MAstV1,0,1,1,47,3,#8bdb8b,136,aebc
LC694986/JPN/human/2022/MAstV1,JPN,human,2022.0,MAstV1,0,1,1,8,2,#b7dbb7,137,aebd
LC694987/JPN/human/2021/MAstV1,JPN,human,2021.0,MAstV1,0,1,1,8,2,#a5daa5,138,aebe
LC694988/JPN/human/2021/MAstV1,JPN,human,2021.0,MAstV1,0,1,1,8,2,#badbba,139,aec
LC694989/JPN/human/2021/MAstV1,JPN,human,2021.0,MAstV1,0,1,1,8,2,#bddbbd,140,aeca
LC694990/JPN/human/2018/MAstV1,JPN,human,2018.0,MAstV1,0,1,1,8,2,#a2daa2,141,aecb
LC694991/JPN/human/2021/MAstV1,JPN,human,2021.0,MAstV1,0,1,1,8,2,#bbdbbb,142,aecc
LC694992/JPN/human/2021/MAstV1,JPN,human,2021.0,MAstV1,0,1,1,8,2,#a3daa3,143,aecd
LC694993/JPN/human/2020/MAstV1,JPN,human,2020.0,MAstV1,0,1,1,8,2,#b6dbb6,144,aece
LC694994/JPN/human/2020/MAstV1,JPN,human,2020.0,MAstV1,0,1,1,8,2,#b5dab5,145,aed
LC694995/JPN/human/2020/MAstV1,JPN,human,2020.0,MAstV1,0,1,1,8,2,#b9dbb9,146,aeda
LC694996/JPN/human/2018/MAstV1,JPN,human,2018.0,MAstV1,0,1,1,8,2,#49e849,147,aedb
LC694997/JPN/human/2018/MAstV1,JPN,human,2018.0,MAstV1,0,1,1,8,2,#47e847,148,aedc
LC694998/JPN/human/2021/MAstV6,JPN,human,2021.0,MAstV6,2,0,0,0,10,#8f63d3,149,aedd
LC694999/JPN/human/2021/MAstV6,JPN,human,2021.0,MAstV6,2,0,0,0,10,#c9bddb,150,aede
LC695000/JPN/human/2021/MAstV6,JPN,human,2021.0,MAstV6,2,0,0,0,10,#c2b3d9,151,aee
LC732122/JPN/human/2016/MAstV1,JPN,human,2016.0,MAstV1,0,1,1,8,3,#88db88,152,aeea
LC732123/JPN/human/2016/MAstV1,JPN,human,2016.0,MAstV1,0,1,1,8,3,#86dc86,153,aeeb
LC732124/JPN/human/2016/MAstV1,JPN,human,2016.0,MAstV1,0,1,1,47,3,#81dc81,154,aeec
LC732125/JPN/human/2019/NA,JPN,human,2019.0,,2,0,36,0,106,#000000,155,aeed
LN879482/DEU/cow/2014/NA,DEU,cow,2014.0,,12,4,5,5,5,#dd79dd,156,aeee
LT706530/NA/sheep/NA/NA,,sheep,,,12,4,5,5,5,#e35ee3,157,b
LT706531/NA/sheep/NA/NA,,sheep,,,12,4,5,5,5,#ea41ea,158,ba
LT898424/NA/pig/NA/NA,,pig,,,5,8,11,14,8,#a46477,159,baa
LT898434/NA/pig/NA/NA,,pig,,,1,7,8,79,43,#9fd5d5,160,baaa
MF684776/CHN/human/2013/MAstV1,CHN,human,2013.0,MAstV1,0,1,1,8,1,#2df02d,161,baab
MF973500/CHN/dog/NA/MAstV5,CHN,dog,,MAstV5,6,6,10,35,11,#b5d8b5,162,baac
MF973501/CHN/dog/NA/MAstV5,CHN,dog,,MAstV5,6,6,10,35,11,#b3d7b3,163,baad
MG571777/VEN/human/2015/MAstV1,VEN,human,2015.0,MAstV1,0,1,1,47,3,#85dc85,164,baae
MG930777/ITA/pig/2015/NA,ITA,pig,2015.0,,1,7,8,54,77,#68d1d1,165,bab
MH425243/CHN/pig/2018/NA,CHN,pig,2018.0,,3,5,9,61,122,#7edcab,166,baba
MK026166/AUS/dog/2017/MAstV5,AUS,dog,2017.0,MAstV5,6,6,10,35,80,#a2cfa2,167,babb
MK059949/USA/human/NA/MAstV1,USA,human,,MAstV1,0,1,1,8,2,#8ddb8d,168,babc
MK059950/USA/human/NA/MAstV1,USA,human,,MAstV1,0,1,1,47,53,#7add7a,169,babd
MK059951/USA/human/NA/MAstV1,USA,human,,MAstV1,0,1,1,47,3,#07fc07,170,babe
MK059952/USA/human/NA/MAstV1,USA,human,,MAstV1,0,1,1,1,0,#32ee32,171,bac
MK059953/USA/human/NA/MAstV1,USA,human,,MAstV1,0,1,1,8,1,#1cf51c,172,baca
MK059954/USA/human/NA/MAstV1,USA,human,,MAstV1,0,1,1,8,60,#15f815,173,bacb
MK059955/USA/human/NA/MAstV1,USA,human,,MAstV1,0,1,1,8,3,#10f910,174,bacc
MK059956/USA/human/NA/MAstV1,USA,human,,MAstV1,0,1,1,1,32,#55e555,175,bacd
MK211323/CHE/ovibos/1982/MAstV13,CHE,ovibos,1982.0,MAstV13,12,4,31,95,135,#f322f3,176,bace
MK286562/CHE/sheep/1992/NA,CHE,sheep,1992.0,,12,4,5,5,5,#db92db,177,bad
MK296753/IRL/human/2018/MAstV1,IRL,human,2018.0,MAstV1,0,1,1,47,3,#7fdd7f,178,bada
MK378474/CHN/pig/2017/NA,CHN,pig,2017.0,,1,7,7,25,7,#11b3b3,179,badb
MK378475/CHN/pig/2017/NA,CHN,pig,2017.0,,3,5,9,96,14,#51e598,180,badc
MK378498/CHN/pig/2017/NA,CHN,pig,2017.0,,15,16,22,31,12,#000000,181,badd
MK378505/CHN/pig/2017/NA,CHN,pig,2017.0,,1,7,7,25,7,#10b1b1,182,bade
MK378521/CHN/pig/2017/NA,CHN,pig,2017.0,,1,7,8,67,13,#6bd1d1,183,bae
MK386569/URY/bull/2018/NA,URY,cow,2018.0,,19,13,18,7,44,#000000,184,baea
MK460230/CHN/pig/2017/NA,CHN,pig,2017.0,,1,7,7,56,121,#059494,185,baeb
MK460231/CHN/pig/2017/NA,CHN,pig,2017.0,,3,5,9,15,14,#94dab5,186,baec
MK613068/CHN/pig/2018/NA,CHN,pig,2018.0,,3,5,9,19,73,#87dbb0,187,baed
MK618656/USA/human/2018/MAstV1,USA,human,2018.0,MAstV1,0,1,1,1,0,#5fe25f,188,baee
MK671306/CHN/cat/2017/MAstV2,CHN,cat,2017.0,MAstV2,0,14,13,9,15,#a7c1da,189,bb
MK671307/CHN/cat/2017/MAstV2,CHN,cat,2017.0,MAstV2,0,14,13,9,15,#a0bdda,190,bba
MK671308/CHN/cat/2017/MAstV2,CHN,cat,2017.0,MAstV2,0,14,13,9,15,#75a9de,191,bbaa
MK671309/CHN/cat/2017/MAstV2,CHN,cat,2017.0,MAstV2,0,14,13,9,15,#bdccdb,192,bbab
MK671310/CHN/cat/2018/MAstV2,CHN,cat,2018.0,MAstV2,0,14,13,9,15,#62a2e2,193,bbac
MK671311/CHN/cat/2018/MAstV2,CHN,cat,2018.0,MAstV2,0,14,13,9,15,#afc4da,194,bbad
MK671312/CHN/cat/2018/MAstV2,CHN,cat,2018.0,MAstV2,0,14,13,9,15,#6ca6e0,195,bbae
MK671313/CHN/cat/2018/MAstV2,CHN,cat,2018.0,MAstV2,0,14,13,9,15,#b6c8db,196,bbb
MK962341/ESP/pig/2017/NA,ESP,pig,2017.0,,5,8,11,14,8,#a26174,197,bbba
MK962342/ESP/pig/2017/NA,ESP,pig,2017.0,,5,8,11,14,8,#9f5e70,198,bbbb
MK987099/CHE/cow/2016/NA,CHE,cow,2016.0,,3,5,9,11,83,#9ddaba,199,bbbc
MK987100/CHE/cow/2016/NA,CHE,cow,2016.0,,19,13,18,7,44,#000000,200,bbbd
MK987101/CHE/cow/2016/NA,CHE,cow,2016.0,,9,10,14,68,107,#33f8ec,201,bbbe
MK987102/CHE/cow/2016/NA,CHE,cow,2016.0,,9,10,14,94,108,#45f1e7,202,bbc
MK987103/CHE/cow/2016/NA,CHE,cow,2016.0,,19,13,18,7,44,#000000,203,bbca
MN148428/CHN/tiger/2018/MAstV2,CHN,tiger,2018.0,MAstV2,0,14,13,9,15,#589ee4,204,bbcb
MN150124/SVN/deer/2014/NA,SVN,deer,2014.0,,1,2,3,10,126,#d4a7e4,205,bbcc
MN150125/SVN/deer/2014/NA,SVN,deer,2014.0,,1,7,3,98,127,#d4a6e4,206,bbcd
MN433703/USA/human/2013/MAstV1,USA,human,2013.0,MAstV1,0,1,1,8,2,#97da97,207,bbce
MN433704/USA/human/2013/MAstV1,USA,human,2013.0,MAstV1,0,1,1,8,2,#95da95,208,bbd
MN433705/USA/human/2014/MAstV1,USA,human,2014.0,MAstV1,0,1,1,8,53,#3eeb3e,209,bbda
MN433706/USA/human/2014/MAstV1,USA,human,2014.0,MAstV1,0,1,1,8,1,#25f225,210,bbdb
MN444721/USA/human/2017/MAstV1,USA,human,2017.0,MAstV1,0,1,1,47,3,#8adb8a,211,bbdc
MN464146/ITA/cow/NA/NA,ITA,cow,,,19,13,18,7,44,#000000,212,bbdd
MN881999/CHN/dog/2019/MAstV5,CHN,dog,2019.0,MAstV5,6,6,10,35,11,#bddbbd,213,bbde
MN882001/CHN/dog/2019/MAstV5,CHN,dog,2019.0,MAstV5,6,6,10,35,11,#b1d6b1,214,bbe
MN882002/CHN/dog/2019/MAstV5,CHN,dog,2019.0,MAstV5,6,6,10,35,11,#b9d9b9,215,bbea
MN882003/CHN/dog/2019/MAstV5,CHN,dog,2019.0,MAstV5,6,6,10,35,11,#b7d9b7,216,bbeb
MN882004/CHN/dog/2019/MAstV5,CHN,dog,2019.0,MAstV5,6,6,10,35,80,#bbdabb,217,bbec
MN882005/CHN/dog/2019/MAstV5,CHN,dog,2019.0,MAstV5,6,6,10,35,80,#a8d1a8,218,bbed
MN882006/CHN/dog/2019/MAstV5,CHN,dog,2019.0,MAstV5,6,6,10,35,80,#aed4ae,219,bbee
MN882007/CHN/dog/2018/MAstV5,CHN,dog,2018.0,MAstV5,6,6,10,35,11,#aad2aa,220,bc
MN882008/CHN/dog/2018/MAstV5,CHN,dog,2018.0,MAstV5,6,6,10,35,80,#acd3ac,221,bca
MN882009/CHN/dog/2019/MAstV5,CHN,dog,2019.0,MAstV5,6,6,10,35,11,#afd5af,222,bcaa
MN882010/CHN/dog/2019/MAstV5,CHN,dog,2019.0,MAstV5,6,6,10,35,11,#a6d0a6,223,bcab
MT078247/USA/dog/2017/MAstV5,USA,dog,2017.0,MAstV5,6,6,10,35,80,#95c895,224,bcac
MT078248/USA/dog/2017/MAstV5,USA,dog,2017.0,MAstV5,6,6,10,35,80,#93c893,225,bcad
MT267476/ZAF/human/2015/MAstV1,ZAF,human,2015.0,MAstV1,0,1,1,8,1,#20f420,226,bcae
MT267480/ZAF/human/2015/MAstV1,ZAF,human,2015.0,MAstV1,0,1,1,1,0,#4be74b,227,bcb
MT267482/ZAF/human/2015/MAstV1,ZAF,human,2015.0,MAstV1,0,1,1,8,3,#7edd7e,228,bcba
MT267483/ZAF/human/2015/MAstV1,ZAF,human,2015.0,MAstV1,0,1,1,47,3,#83dc83,229,bcbb
MT432184/ITA/human/2018/MAstV9,ITA,human,2018.0,MAstV9,4,3,4,48,36,#dfff05,230,bcbc
MT451917/KEN/pig/2012/NA,KEN,pig,2012.0,,3,5,9,15,14,#74dea7,231,bcbd
MT451918/KEN/pig/2012/NA,KEN,pig,2012.0,,3,5,9,96,69,#97dab7,232,bcbe
MT506231/CHN/rat/2016/NA,CHN,rat,2016.0,,14,23,32,57,136,#000000,233,bcc
MT549855/CHN/rat/2016/NA,CHN,rat,2016.0,,3,5,9,71,16,#badbca,234,bcca
MT549858/CHN/rat/2016/NA,CHN,rat,2016.0,,7,18,24,37,17,#bdcddb,235,bccb
MT549859/CHN/rat/2016/NA,CHN,rat,2016.0,,7,18,24,37,17,#8dbde9,236,bccc
MT549860/CHN/rat/2016/NA,CHN,rat,2016.0,,7,18,24,37,57,#aec7df,237,bccd
MT642666/BEL/pig/2019/NA,BEL,pig,2019.0,,3,5,9,11,128,#a8dac0,238,bcce
MT766320/CHN/human/2018/MAstV1,CHN,human,2018.0,MAstV1,0,1,1,8,2,#a8daa8,239,bcd
MT766321/CHN/human/2018/MAstV1,CHN,human,2018.0,MAstV1,0,1,1,8,2,#5de35d,240,bcda
MT766322/CHN/human/2018/MAstV1,CHN,human,2018.0,MAstV1,0,1,1,8,2,#94da94,241,bcdb
MT766323/CHN/human/2018/MAstV1,CHN,human,2018.0,MAstV1,0,1,1,8,2,#a6daa6,242,bcdc
MT766324/CHN/human/2018/MAstV1,CHN,human,2018.0,MAstV1,0,1,1,8,2,#92db92,243,bcdd
MT766325/CHN/human/2018/MAstV6,CHN,human,2018.0,MAstV6,2,0,0,0,10,#976fd3,244,bcde
MT766327/CHN/human/2018/MAstV6,CHN,human,2018.0,MAstV6,2,0,0,0,10,#9e7cd3,245,bce
MT766328/CHN/human/2018/MAstV6,CHN,human,2018.0,MAstV6,2,0,0,0,10,#8756d4,246,bcea
MT766329/CHN/human/2018/MAstV6,CHN,human,2018.0,MAstV6,2,0,0,0,10,#8048d5,247,bceb
MT832892/BRA/human/2015/MAstV1,BRA,human,2015.0,MAstV1,0,1,1,8,2,#9fda9f,248,bcec
MT832893/BRA/human/2015/MAstV1,BRA,human,2015.0,MAstV1,0,1,1,8,2,#9ada9a,249,bced
MT832895/BRA/human/2015/MAstV1,BRA,human,2015.0,MAstV1,0,1,1,8,2,#9cda9c,250,bcee
MT832896/BRA/human/2015/MAstV1,BRA,human,2015.0,MAstV1,0,1,1,8,2,#9dda9d,251,bd
MT894143/IND/dog/NA/MAstV5,IND,dog,,MAstV5,6,6,10,35,11,#a4cfa4,252,bda
MT906853/BRA/human/2014/MAstV1,BRA,human,2014.0,MAstV1,0,1,1,1,0,#4fe64f,253,bdaa
MT906854/BRA/human/2015/MAstV1,BRA,human,2015.0,MAstV1,0,1,1,1,0,#53e553,254,bdab
MT906855/BRA/human/2014/MAstV1,BRA,human,2014.0,MAstV1,0,1,1,1,0,#51e651,255,bdac
MT906856/BRA/human/2015/MAstV1,BRA,human,2015.0,MAstV1,0,1,1,8,1,#29f129,256,bdad
MT906858/BRA/human/2014/MAstV1,BRA,human,2014.0,MAstV1,0,1,1,8,1,#27f227,257,bdae
MW037839/AUS/cat/2018/NA,AUS,cat,2018.0,,8,24,37,69,84,#000000,258,bdb
MW037840/AUS/cat/2017/NA,AUS,cat,2017.0,,13,20,27,70,137,#000000,259,bdba
MW037841/AUS/cat/2018/MAstV2,AUS,cat,2018.0,MAstV2,0,14,13,9,15,#87b1dc,260,bdbb
MW149253/HUN/rat/2017/NA,HUN,rat,2017.0,,7,18,24,37,17,#9ec2e3,261,bdbc
MW164633/CAN/cat/2020/MAstV2,CAN,cat,2020.0,MAstV2,0,14,13,9,15,#4e9ae6,262,bdbd
MW373712/CHN/cow/2019/NA,CHN,cow,2019.0,,1,7,3,22,109,#d3bbdc,263,bdbe
MW373713/CHN/cow/2019/NA,CHN,cow,2019.0,,1,2,3,87,34,#d3badc,264,bdc
MW373714/CHN/cow/2019/NA,CHN,cow,2019.0,,1,2,3,10,25,#d4a9e3,265,bdca
MW373715/CHN/cow/2019/NA,CHN,cow,2019.0,,1,2,3,22,61,#d593ed,266,bdcb
MW373716/CHN/cow/2019/NA,CHN,cow,2019.0,,1,2,6,23,27,#aad296,267,bdcc
MW373717/CHN/cow/2019/NA,CHN,cow,2019.0,,1,7,6,23,27,#81cd5a,268,bdcd
MW373718/CHN/cow/2019/NA,CHN,cow,2019.0,,9,10,14,24,129,#a4dcd8,269,bdce
MW373719/CHN/cow/2019/NA,CHN,cow,2019.0,,9,10,14,41,67,#9ddcd9,270,bdd
MW373720/CHN/cow/2019/NA,CHN,cow,2019.0,,1,2,6,23,18,#3d9511,271,bdda
MW450837/CHN/bat/2020/NA,CHN,bat,2020.0,,23,25,38,58,45,#000000,272,bddb
MW485039/KEN/human/2019/MAstV1,KEN,human,2019.0,MAstV1,0,1,1,8,2,#45e945,273,bddc
MW485040/KEN/human/2019/MAstV1,KEN,human,2019.0,MAstV1,0,1,1,8,2,#43e943,274,bddd
MW485042/KEN/human/2019/MAstV1,KEN,human,2019.0,MAstV1,0,1,1,47,53,#02fe02,275,bdde
MW485043/KEN/human/2019/MAstV1,KEN,human,2019.0,MAstV1,0,1,1,8,3,#7cdd7c,276,bde
MW504545/USA/pig/2018/NA,USA,pig,2018.0,,15,16,35,31,110,#000000,277,bdea
MW504546/USA/pig/2018/MAstV3,USA,pig,2018.0,MAstV3,0,14,33,74,85,#dbccbd,278,bdeb
MW504550/USA/pig/2018/NA,USA,pig,2018.0,,1,7,7,12,19,#028888,279,bdec
MW504551/USA/pig/2018/NA,USA,pig,2018.0,,1,2,7,67,70,#018585,280,bded
MW504552/USA/pig/2018/NA,USA,pig,2018.0,,1,7,7,59,20,#038b8b,281,bdee
MW504553/USA/pig/2018/NA,USA,pig,2018.0,,1,7,7,59,20,#049191,282,be
MW504554/USA/pig/2018/NA,USA,pig,2018.0,,1,7,7,59,20,#038e8e,283,bea
MW504556/USA/pig/2018/NA,USA,pig,2018.0,,1,7,7,49,21,#018282,284,beaa
MW504557/USA/pig/2018/NA,USA,pig,2018.0,,1,7,7,56,71,#007f7f,285,beab
MW504558/USA/pig/2018/NA,USA,pig,2018.0,,1,7,8,80,74,#7dd2d2,286,beac
MW504559/USA/pig/2018/NA,USA,pig,2018.0,,1,7,8,16,72,#55d2d2,287,bead
MW504560/USA/pig/2018/NA,USA,pig,2018.0,,1,7,8,80,74,#41d4d4,288,beae
MW504561/USA/pig/2018/NA,USA,pig,2018.0,,1,7,8,80,74,#76d1d1,289,beb
MW504562/USA/pig/2018/NA,USA,pig,2018.0,,1,7,8,18,24,#27d4d4,290,beba
MW504563/USA/pig/2018/NA,USA,pig,2018.0,,1,7,8,18,24,#20cccc,291,bebb
MW504565/USA/pig/2018/NA,USA,pig,2018.0,,1,7,8,13,86,#49d3d3,292,bebc
MW504567/USA/pig/2018/NA,USA,pig,2018.0,,1,7,8,13,86,#45d3d3,293,bebd
MW504569/USA/pig/2018/NA,USA,pig,2018.0,,1,7,8,51,46,#39d4d4,294,bebe
MW504570/USA/pig/2018/NA,USA,pig,2018.0,,3,5,19,88,22,#00fa78,295,bec
MW504571/USA/pig/2018/NA,USA,pig,2018.0,,3,5,9,17,89,#11f77f,296,beca
MW504572/USA/pig/2018/NA,USA,pig,2018.0,,3,5,9,89,87,#6ddfa4,297,becb
MW504573/USA/pig/2018/NA,USA,pig,2018.0,,3,5,9,19,73,#8bdbb1,298,becc
MW504576/USA/pig/2018/NA,USA,pig,2018.0,,3,5,9,99,47,#0df97e,299,becd
MW504577/USA/pig/2018/NA,USA,pig,2018.0,,3,5,9,78,88,#08fa7c,300,bece
MW653748/USA/pig/2018/NA,USA,pig,2018.0,,5,8,11,14,8,#bd8a99,301,bed
MW653749/USA/pig/2018/NA,USA,pig,2018.0,,5,8,11,14,8,#c496a3,302,beda
MW653750/USA/pig/2019/NA,USA,pig,2019.0,,5,8,11,14,8,#b17788,303,bedb
MW653751/USA/pig/2019/NA,USA,pig,2019.0,,5,8,11,14,8,#d4b1bb,304,bedc
MW653752/USA/pig/2019/NA,USA,pig,2019.0,,5,8,11,14,8,#d2adb8,305,bedd
MW653753/USA/pig/2020/NA,USA,pig,2020.0,,5,8,11,14,8,#b37b8b,306,bede
MW732145/USA/pig/2020/NA,USA,pig,2020.0,,5,8,11,14,8,#cba1ad,307,bee
MW732146/USA/pig/2020/NA,USA,pig,2020.0,,5,8,11,14,8,#c99daa,308,beea
MW732148/USA/pig/2018/NA,USA,pig,2018.0,,5,8,11,14,8,#c292a0,309,beeb
MW732149/USA/pig/2020/NA,USA,pig,2020.0,,5,8,11,14,8,#dbbdc5,310,beec
MW732150/USA/pig/2020/NA,USA,pig,2020.0,,5,8,11,14,8,#d0a9b4,311,beed
MW732151/USA/pig/2019/NA,USA,pig,2019.0,,5,8,11,14,8,#b88292,312,beee
MW732152/USA/pig/2020/NA,USA,pig,2020.0,,5,8,11,14,8,#c699a6,313,c
MW732153/USA/pig/2018/NA,USA,pig,2018.0,,5,8,11,14,8,#bf8e9c,314,ca
MW732155/USA/pig/2020/NA,USA,pig,2020.0,,5,8,11,14,8,#d9b9c2,315,caa
MW732156/USA/pig/2020/NA,USA,pig,2020.0,,5,8,11,14,8,#b67f8e,316,caaa
MW732157/USA/pig/2020/NA,USA,pig,2020.0,,5,8,11,14,8,#cda5b1,317,caab
MW784069/CHN/pig/NA/NA,CHN,pig,,,1,7,8,13,138,#60d2d2,318,caac
MW784070/CHN/pig/NA/NA,CHN,pig,,,3,5,9,61,145,#22f286,319,caad
MW784071/CHN/pig/NA/NA,CHN,pig,,,3,5,9,71,16,#b3dac6,320,caae
MW784073/CHN/pig/NA/NA,CHN,pig,,,3,5,9,15,14,#49e695,321,cab
MW784074/CHN/pig/NA/NA,CHN,pig,,,3,5,9,15,14,#54e499,322,caba
MW784076/CHN/pig/NA/NA,CHN,pig,,,1,7,8,16,23,#51d2d2,323,cabb
MW784078/CHN/pig/NA/NA,CHN,pig,,,1,7,8,100,48,#84d2d2,324,cabc
MW784079/CHN/pig/NA/NA,CHN,pig,,,1,7,8,72,146,#98d4d4,325,cabd
MW784081/CHN/pig/NA/NA,CHN,pig,,,1,7,7,12,111,#089f9f,326,cabe
MW784082/CHN/pig/NA/NA,CHN,pig,,,1,7,8,80,74,#81d2d2,327,cac
MW784083/CHN/pig/NA/NA,CHN,pig,,,1,7,8,56,121,#22cece,328,caca
MW784084/CHN/pig/NA/NA,CHN,pig,,,3,5,19,50,147,#04fc7b,329,cacb
MW784090/CHN/pig/NA/NA,CHN,pig,,,3,5,9,60,9,#81dcad,330,cacc
MW784091/CHN/pig/NA/NA,CHN,pig,,,1,7,8,16,23,#5dd2d2,331,cacd
MW784092/CHN/pig/NA/NA,CHN,pig,,,1,7,7,51,46,#09a1a1,332,cace
MW784093/CHN/pig/NA/NA,CHN,pig,,,3,5,9,101,148,#58e39b,333,cad
MW784095/CHN/pig/NA/NA,CHN,pig,,,3,5,9,90,62,#41e892,334,cada
MW784096/CHN/pig/NA/NA,CHN,pig,,,3,5,9,17,89,#5ce29c,335,cadb
MW784101/CHN/pig/NA/NA,CHN,pig,,,3,5,9,61,122,#b8dbc9,336,cadc
MW784102/CHN/pig/NA/NA,CHN,pig,,,3,5,19,65,90,#02fb79,337,cadd
MW784105/CHN/pig/NA/NA,CHN,pig,,,1,7,7,18,24,#0ca9a9,338,cade
MW784106/CHN/pig/NA/NA,CHN,pig,,,1,7,7,13,139,#079c9c,339,cae
MW784108/CHN/pig/NA/NA,CHN,pig,,,1,7,8,52,140,#95d4d4,340,caea
MW784109/CHN/pig/NA/NA,CHN,pig,,,1,7,8,36,149,#25d2d2,341,caeb
MW962975/CHN/pig/2020/NA,CHN,pig,2020.0,,3,5,9,19,73,#b5dac7,342,caec
MZ357118/CHN/rat/2020/NA,CHN,rat,2020.0,,17,17,30,62,4,#fece83,343,caed
MZ603733/CHN/cattle/2021/NA,CHN,cow,2021.0,,1,2,3,22,61,#d68fef,344,caee
MZ707081/CHN/human/2020/MAstV6,CHN,human,2020.0,MAstV6,2,0,0,0,10,#ad93d4,345,cb
MZ819164/CHL/pig/2017/NA,CHL,pig,2017.0,,1,7,7,67,63,#1ac4c4,346,cba
MZ819165/CHL/pig/2017/NA,CHL,pig,2017.0,,1,7,7,25,7,#19c1c1,347,cbaa
NC_002469/NA/sheep/NA/MAstV13,,sheep,,MAstV13,12,4,31,5,150,#ff00ff,348,cbab
NC_011400/AUS/human/1999/MAstV6,AUS,human,1999.0,MAstV6,2,0,0,0,10,#5712c2,349,cbac
NC_013060/USA/human/2008/MAstV9,USA,human,2008.0,MAstV9,4,3,4,48,36,#d1de7b,350,cbad
NC_013443/NGA/human/2007/MAstV8,NGA,human,2007.0,MAstV8,10,15,20,38,52,#dbbdc6,351,cbae
NC_016896/HUN/pig/2011/NA,HUN,pig,2011.0,,3,5,9,81,14,#84dbae,352,cbb
NC_019494/USA/pig/2011/NA,USA,pig,2011.0,,5,8,11,14,8,#ba8695,353,cbba
NC_022249/HKG/cat/2012/MAstV2,HKG,cat,2012.0,MAstV2,0,14,13,9,15,#007fff,354,cbbb
NC_023674/USA/pig/2010/NA,USA,pig,2010.0,,1,7,7,25,7,#1dc8c8,355,cbbc
NC_023675/USA/pig/2010/NA,USA,pig,2010.0,,3,5,9,26,50,#91dab4,356,cbbd
NC_024297/CHN/cattle/2014/NA,CHN,cow,2014.0,,1,2,3,10,25,#d3b5de,357,cbbe
NC_024472/BFA/human/2010/NA,BFA,human,2010.0,,24,21,28,30,54,#000000,358,cbc
NC_024701/USA/cat/2013/NA,USA,cat,2013.0,,13,20,27,73,141,#000000,359,cbca
NC_025346/USA/rabbit/2010/NA,USA,rabbit,2010.0,,18,9,12,53,130,#000000,360,cbcb
NC_025379/CHN/pig/2013/MAstV3,CHN,pig,2013.0,MAstV3,0,14,33,74,91,#e0a66c,361,cbcc
NC_026814/GBR/dog/2012/MAstV5,GBR,dog,2012.0,MAstV5,6,6,10,35,80,#9ccc9c,362,cbcd
NC_027711/ARE/camel/2013/NA,ARE,camel,2013.0,,1,7,8,91,28,#bddbdb,363,cbce
NC_033792/CHN/marmot/2013/NA,CHN,marmot,2013.0,,22,26,39,105,112,#000000,364,cbd
NC_033821/CHN/marmot/2013/NA,CHN,marmot,2013.0,,20,19,25,39,151,#000000,365,cbda
NC_034974/KEN/pig/2012/NA,KEN,pig,2012.0,,1,7,8,18,24,#31d5d5,366,cbdb
OL689632/CHN/pig/2021/MAstV3,CHN,pig,2021.0,MAstV3,0,14,33,74,123,#ff7f00,367,cbdc
OL695850/CHN/pig/2021/NA,CHN,pig,2021.0,,3,5,9,106,142,#7bddaa,368,cbdd
OL695851/CHN/pig/2021/NA,CHN,pig,2021.0,,1,7,8,82,92,#23d0d0,369,cbde
OL695852/CHN/pig/2021/NA,CHN,pig,2021.0,,1,7,7,107,93,#0aa4a4,370,cbe
OL695853/CHN/pig/2021/NA,CHN,pig,2021.0,,1,7,7,20,64,#0ba7a7,371,cbea
OL695854/CHN/pig/2021/NA,CHN,pig,2021.0,,1,7,8,97,113,#4dd3d3,372,cbeb
OL695856/CHN/pig/2021/NA,CHN,pig,2021.0,,1,7,8,40,75,#29d6d6,373,cbec
OL695857/CHN/pig/2021/NA,CHN,pig,2021.0,,1,7,8,102,49,#9bd4d4,374,cbed
OM104031/ZAF/pig/2021/NA,ZAF,pig,2021.0,,1,7,8,18,24,#2dd6d6,375,cbee
ON191568/USA/cow/2020/NA,USA,cow,2020.0,,9,10,14,75,114,#4eeee5,376,cc
ON571594/CHN/human/2019/MAstV1,CHN,human,2019.0,MAstV1,0,1,1,8,2,#41ea41,377,cca
ON571595/CHN/human/2019/MAstV1,CHN,human,2019.0,MAstV1,0,1,1,8,1,#2bf02b,378,ccaa
ON571596/CHN/human/2019/MAstV1,CHN,human,2019.0,MAstV1,0,1,1,8,2,#b0dab0,379,ccab
ON571597/CHN/human/2019/MAstV1,CHN,human,2019.0,MAstV1,0,1,1,8,2,#abdaab,380,ccac
ON571598/CHN/human/2021/MAstV1,CHN,human,2021.0,MAstV1,0,1,1,1,0,#62e262,381,ccad
ON595824/AUS/cat/2017/MAstV2,AUS,cat,2017.0,MAstV2,0,14,13,9,15,#98b9da,382,ccae
ON595825/AUS/cat/2016/MAstV2,AUS,cat,2016.0,MAstV2,0,1,13,63,124,#4496e9,383,ccb
ON595826/AUS/cat/2017/MAstV2,AUS,cat,2017.0,MAstV2,0,14,13,9,15,#238bf3,384,ccba
ON595827/AUS/cat/2017/MAstV2,AUS,cat,2017.0,MAstV2,0,14,13,9,15,#1887f7,385,ccbb
ON595829/AUS/cat/2017/MAstV2,AUS,cat,2017.0,MAstV2,0,14,13,9,15,#0c83fb,386,ccbc
ON595830/AUS/cat/2016/MAstV2,AUS,cat,2016.0,MAstV2,0,14,13,63,124,#3992ec,387,ccbd
ON595831/AUS/cat/2017/MAstV2,AUS,cat,2017.0,MAstV2,0,14,13,9,15,#8fb5db,388,ccbe
ON624251/CHN/cow/2021/NA,CHN,cow,2021.0,,9,10,14,41,67,#68e6df,389,ccc
ON624252/CHN/cow/2021/NA,CHN,cow,2021.0,,15,16,26,31,143,#000000,390,ccca
ON624253/CHN/cow/2021/NA,CHN,cow,2021.0,,9,10,14,41,67,#80e1db,391,cccb
ON624254/CHN/cow/2021/NA,CHN,cow,2021.0,,9,10,14,24,26,#bddbda,392,cccc
ON624255/CHN/cow/2021/NA,CHN,cow,2021.0,,1,2,3,22,61,#d783f5,393,cccd
ON624256/CHN/cow/2021/NA,CHN,cow,2021.0,,9,10,14,41,67,#71e4de,394,ccce
ON624257/CHN/cow/2021/NA,CHN,cow,2021.0,,9,10,14,41,67,#79e2dc,395,ccd
ON624258/CHN/cow/2021/NA,CHN,cow,2021.0,,1,2,6,23,27,#c7dbbd,396,ccda
ON624259/CHN/cow/2021/NA,CHN,cow,2021.0,,1,2,6,23,27,#bed8b0,397,ccdb
ON624260/CHN/cow/2021/NA,CHN,cow,2021.0,,9,10,14,24,26,#aadbd8,398,ccdc
ON624262/CHN/cow/2021/NA,CHN,cow,2021.0,,1,2,6,21,38,#b4d4a3,399,ccdd
ON624263/CHN/cow/2021/NA,CHN,cow,2021.0,,9,10,14,24,26,#60e9e1,400,ccde
ON624264/CHN/cow/2021/NA,CHN,cow,2021.0,,1,2,3,22,95,#d3b2df,401,cce
ON624265/CHN/cow/2021/NA,CHN,cow,2021.0,,1,2,3,22,61,#d591ee,402,ccea
ON624266/CHN/cow/2021/NA,CHN,cow,2021.0,,1,7,3,87,34,#d3b3df,403,cceb
ON624267/CHN/cow/2021/NA,CHN,cow,2021.0,,1,2,3,22,61,#d599ea,404,ccec
ON624268/CHN/cow/2021/NA,CHN,cow,2021.0,,1,2,3,43,76,#d59be9,405,cced
ON624269/CHN/cow/2021/NA,CHN,cow,2021.0,,1,2,3,93,94,#d3b8dd,406,ccee
ON624270/CHN/cow/2021/NA,CHN,cow,2021.0,,1,2,6,23,27,#62c92d,407,cd
ON624271/CHN/cow/2021/NA,CHN,cow,2021.0,,9,10,14,24,26,#b7dbd9,408,cda
ON624272/CHN/cow/2021/NA,CHN,cow,2021.0,,1,2,3,22,61,#d595ec,409,cdaa
ON624273/CHN/cow/2021/NA,CHN,cow,2021.0,,1,2,3,22,95,#d3b0e0,410,cdab
ON624274/CHN/cow/2021/NA,CHN,cow,2021.0,,1,2,6,21,38,#8ccd6a,411,cdac
ON624275/CHN/cow/2021/NA,CHN,cow,2021.0,,1,2,3,22,61,#d787f3,412,cdad
ON624276/CHN/cow/2021/NA,CHN,cow,2021.0,,1,7,3,22,61,#d785f4,413,cdae
ON624277/CHN/cow/2021/NA,CHN,cow,2021.0,,1,2,3,93,65,#d4a4e5,414,cdb
ON624278/CHN/cow/2021/NA,CHN,cow,2021.0,,1,7,3,43,115,#d689f2,415,cdba
ON624279/CHN/cow/2021/NA,CHN,cow,2021.0,,9,10,14,24,26,#88dfda,416,cdbb
ON624280/CHN/cow/2021/NA,CHN,cow,2021.0,,1,2,3,43,76,#d49ee8,417,cdbc
ON624281/CHN/cow/2021/NA,CHN,cow,2021.0,,1,2,3,93,94,#d49de8,418,cdbd
ON624282/CHN/cow/2021/NA,CHN,cow,2021.0,,1,2,3,22,61,#d597eb,419,cdbe
ON624283/CHN/cow/2021/NA,CHN,cow,2021.0,,1,2,6,23,27,#5bc026,420,cdc
ON624284/CHN/cow/2021/NA,CHN,cow,2021.0,,1,2,3,87,25,#d4a0e7,421,cdca
ON714996/ESP/pig/2017/NA,ESP,pig,2017.0,,1,7,7,25,7,#17bfbf,422,cdcb
ON714997/ESP/pig/2017/NA,ESP,pig,2017.0,,1,7,7,25,7,#16bdbd,423,cdcc
ON714998/ESP/pig/2017/NA,ESP,pig,2017.0,,1,7,8,83,77,#73d1d1,424,cdcd
ON714999/ESP/pig/2017/NA,ESP,pig,2017.0,,1,7,8,83,77,#6fd1d1,425,cdce
ON715001/ESP/pig/2017/NA,ESP,pig,2017.0,,5,8,11,14,8,#9a5c6e,426,cdd
ON733251/HUN/dog/2021/MAstV5,HUN,dog,2021.0,MAstV5,6,6,10,35,132,#9acb9a,427,cdda
ON792967/ESP/pig/2017/NA,ESP,pig,2017.0,,3,5,9,26,50,#3eea90,428,cddb
ON792968/ESP/pig/2017/NA,ESP,pig,2017.0,,3,5,9,26,50,#36ec8d,429,cddc
ON792969/ESP/pig/2018/NA,ESP,pig,2018.0,,3,5,9,26,50,#32ed8c,430,cddd
ON792970/ESP/pig/2017/NA,ESP,pig,2017.0,,3,5,9,26,50,#2eee8a,431,cdde
ON792971/ESP/pig/2017/NA,ESP,pig,2017.0,,3,5,9,26,50,#2aef89,432,cde
ON792972/ESP/pig/2018/NA,ESP,pig,2018.0,,3,5,9,26,50,#3aeb8f,433,cdea
ON885949/CHN/water-buffalo/2021/NA,CHN,water-buffalo,2021.0,,16,11,34,42,66,#000000,434,cdeb
ON885950/CHN/water-buffalo/2021/NA,CHN,water-buffalo,2021.0,,16,11,15,42,66,#000000,435,cdec
ON885951/CHN/water-buffalo/2021/NA,CHN,water-buffalo,2021.0,,16,11,34,42,66,#000000,436,cded
OP076744/SAU/camel/2014/NA,SAU,camel,2014.0,,1,7,8,32,56,#a8d6d6,437,cdee
OP076747/SAU/camel/2014/NA,SAU,camel,2014.0,,1,7,7,64,131,#0faeae,438,ce
OP076748/SAU/camel/2014/NA,SAU,camel,2014.0,,1,7,8,91,28,#badbdb,439,cea
OP076749/SAU/camel/2014/NA,SAU,camel,2014.0,,1,7,8,32,56,#aed8d8,440,ceaa
OP076750/SAU/camel/2014/NA,SAU,camel,2014.0,,1,7,8,32,56,#abd7d7,441,ceab
OP076765/CHN/camel/2015/NA,CHN,camel,2015.0,,1,7,7,54,29,#0dacac,442,ceac
OP076766/CHN/camel/2015/NA,CHN,camel,2015.0,,1,7,8,32,56,#a5d6d6,443,cead
OP093957/BRA/dog/2019/MAstV5,BRA,dog,2019.0,MAstV5,6,6,10,35,132,#8fc68f,444,ceae
OP093958/BRA/dog/2019/MAstV5,BRA,dog,2019.0,MAstV5,6,6,10,35,80,#9ecd9e,445,ceb
OP331312/NA/cow/NA/NA,,cow,,,9,10,14,27,133,#b1dbd9,446,ceba
OP432293/CHN/human/2021/MAstV1,CHN,human,2021.0,MAstV1,0,1,1,1,0,#66e166,447,cebb
OP432294/CHN/human/2022/MAstV1,CHN,human,2022.0,MAstV1,0,1,1,1,0,#6ae06a,448,cebc
OP432295/CHN/human/2022/MAstV1,CHN,human,2022.0,MAstV1,0,1,1,1,0,#60e260,449,cebd
OP432296/CHN/human/2021/MAstV1,CHN,human,2021.0,MAstV1,0,1,1,1,0,#b2dab2,450,cebe
OP432297/CHN/human/2022/MAstV1,CHN,human,2022.0,MAstV1,0,1,1,1,0,#6fdf6f,451,cec
OP432298/CHN/human/2022/MAstV1,CHN,human,2022.0,MAstV1,0,1,1,1,0,#6ce06c,452,ceca
OP432299/CHN/human/2021/MAstV1,CHN,human,2021.0,MAstV1,0,1,1,1,0,#64e164,453,cecb
OP432300/CHN/human/2022/MAstV1,CHN,human,2022.0,MAstV1,0,1,1,1,0,#6edf6e,454,cecc
OP432301/CHN/human/2022/MAstV1,CHN,human,2022.0,MAstV1,0,1,1,1,0,#68e068,455,cecd
OQ198033/CHN/dog/2020/NA,CHN,dog,2020.0,,6,6,17,35,11,#7fbf7f,456,cece
OQ198035/CHN/dog/2020/NA,CHN,dog,2020.0,,6,6,21,55,31,#8dc58d,457,ced
OQ198038/CHN/dog/2020/NA,CHN,dog,2020.0,,6,6,21,35,30,#89c389,458,ceda
OQ198039/CHN/dog/2020/NA,CHN,dog,2020.0,,6,6,21,28,51,#87c287,459,cedb
OQ198040/CHN/dog/2020/NA,CHN,dog,2020.0,,6,6,21,35,30,#83c183,460,cedc
OQ198041/CHN/dog/2020/NA,CHN,dog,2020.0,,6,6,21,35,30,#85c285,461,cedd
OQ198042/CHN/dog/2020/NA,CHN,dog,2020.0,,1,2,6,84,6,#a0d088,462,cede
OQ198043/CHN/dog/2020/NA,CHN,dog,2020.0,,9,10,14,24,26,#96ddd9,463,cee
OQ198045/CHN/dog/2020/NA,CHN,dog,2020.0,,6,6,21,55,31,#8bc48b,464,ceea
OQ198046/CHN/dog/2020/NA,CHN,dog,2020.0,,9,10,14,24,26,#8fdeda,465,ceeb
OQ198050/CHN/dog/2020/NA,CHN,dog,2020.0,,1,2,6,23,18,#96ce79,466,ceec
OQ198051/CHN/dog/2020/NA,CHN,dog,2020.0,,1,2,3,87,34,#d4a2e6,467,ceed
OQ968302/CHN/human/2020/MAstV1,CHN,human,2020.0,MAstV1,0,1,1,8,2,#a0daa0,468,ceee
OQ968303/CHN/human/2020/MAstV1,CHN,human,2020.0,MAstV1,0,1,1,8,2,#b3dab3,469,d
OQ968304/CHN/human/2020/MAstV1,CHN,human,2020.0,MAstV1,0,1,1,8,2,#afdaaf,470,da
OQ968305/CHN/human/2021/MAstV1,CHN,human,2021.0,MAstV1,0,1,1,8,2,#aedaae,471,daa
OQ968306/CHN/human/2021/MAstV1,CHN,human,2021.0,MAstV1,0,1,1,8,2,#acdaac,472,daaa
OQ968307/CHN/human/2021/MAstV1,CHN,human,2021.0,MAstV1,0,1,1,8,2,#a9daa9,473,daab
OQ968308/CHN/human/2020/MAstV6,CHN,human,2020.0,MAstV6,2,0,0,0,10,#bba9d7,474,daac
OQ968310/CHN/human/2020/MAstV6,CHN,human,2020.0,MAstV6,2,0,0,0,10,#b49ed5,475,daad
OQ968311/CHN/human/2020/MAstV6,CHN,human,2020.0,MAstV6,2,0,0,0,10,#a588d3,476,daae
OQ968312/CHN/human/2021/MAstV8,CHN,human,2021.0,MAstV8,10,15,20,38,52,#da6086,477,dab
Z25771/NA/human/NA/MAstV1,,human,,MAstV1,0,1,1,8,2,#90db90,478,daba
